"as.numeric.predRR.","upper","lower","qr_pred...5.","qr_pred...10.","qr_pred...11."
0.890287149605281,0.92047017086261,0.860104128347952,36411.7185438655,11979.3404095618,144709.566773891
